beachId,beachName,siteName,collectionDate,eColi
1,Sunnyside Beach,2W,2026-07-28,41
4,Marie Curtis Park East Beach,2W,2026-08-17,119
2,Woodbine Beach,3W,2026-07-09,79
1,Woodbine Beach,1W,2026-08-08,71
1,Woodbine Beach,1W,2026-07-08,49
1,Cherry Beach,2W,2026-08-10,18
3,Woodbine Beach,1W,2026-07-21,68
1,Woodbine Beach,1W,2026-06-28,164
2,Cherry Beach,1W,2026-08-24,34
4,Cherry Beach,2W,2026-07-11,13
3,Marie Curtis Park East Beach,2W,2026-08-01,158
3,Sunnyside Beach,3W,2026-06-10,5
1,Woodbine Beach,3W,2026-06-15,18
3,Woodbine Beach,2W,2026-07-25,98
3,Cherry Beach,2W,2026-07-21,44
3,Woodbine Beach,2W,2026-07-30,175
3,Sunnyside Beach,3W,2026-06-08,133
3,Sunnyside Beach,2W,2026-08-08,121
2,Cherry Beach,2W,2026-08-26,62
1,Cherry Beach,3W,2026-08-10,8
2,Cherry Beach,1W,2026-08-02,109
4,Cherry Beach,2W,2026-08-15,177
1,Sunnyside Beach,1W,2026-07-16,180
4,Woodbine Beach,3W,2026-08-17,165
4,Sunnyside Beach,3W,2026-08-31,46
4,Marie Curtis Park East Beach,3W,2026-06-18,73
2,Cherry Beach,3W,2026-06-16,119
1,Cherry Beach,1W,2026-07-25,152
2,Woodbine Beach,3W,2026-06-05,5
1,Marie Curtis Park East Beach,2W,2026-08-22,112
1,Marie Curtis Park East Beach,2W,2026-08-01,64
4,Woodbine Beach,1W,2026-08-14,130
3,Woodbine Beach,2W,2026-07-24,134
2,Cherry Beach,1W,2026-07-13,153
1,Sunnyside Beach,2W,2026-08-13,162
3,Cherry Beach,1W,2026-09-07,56
3,Cherry Beach,1W,2026-08-07,189
2,Sunnyside Beach,1W,2026-07-27,162
3,Woodbine Beach,3W,2026-06-16,102
1,Woodbine Beach,3W,2026-06-30,115
3,Sunnyside Beach,2W,2026-06-02,148
4,Woodbine Beach,2W,2026-07-20,21
2,Sunnyside Beach,3W,2026-06-06,103
4,Sunnyside Beach,2W,2026-08-22,139
2,Cherry Beach,3W,2026-08-30,136
1,Marie Curtis Park East Beach,1W,2026-06-19,123
4,Woodbine Beach,3W,2026-07-24,175
2,Sunnyside Beach,3W,2026-07-19,141
1,Marie Curtis Park East Beach,3W,2026-08-20,94
4,Woodbine Beach,3W,2026-08-25,51
2,Cherry Beach,3W,2026-08-04,41
4,Cherry Beach,3W,2026-08-02,168
1,Sunnyside Beach,2W,2026-08-30,57
2,Cherry Beach,1W,2026-06-09,121
3,Sunnyside Beach,2W,2026-07-02,6
1,Marie Curtis Park East Beach,2W,2026-08-19,65
1,Marie Curtis Park East Beach,3W,2026-08-10,5
1,Marie Curtis Park East Beach,2W,2026-07-10,91
1,Sunnyside Beach,3W,2026-09-07,15
1,Woodbine Beach,1W,2026-08-30,185
3,Marie Curtis Park East Beach,1W,2026-07-28,145
4,Cherry Beach,3W,2026-07-06,8
2,Cherry Beach,3W,2026-08-02,38
1,Woodbine Beach,1W,2026-08-06,141
2,Cherry Beach,1W,2026-06-28,57
4,Sunnyside Beach,3W,2026-08-16,122
1,Marie Curtis Park East Beach,1W,2026-08-04,175
1,Cherry Beach,1W,2026-07-27,188
4,Cherry Beach,2W,2026-06-20,97
4,Marie Curtis Park East Beach,3W,2026-07-08,101
2,Cherry Beach,1W,2026-08-22,62
3,Cherry Beach,3W,2026-06-17,38
4,Cherry Beach,3W,2026-09-05,101
1,Woodbine Beach,2W,2026-08-27,146
2,Sunnyside Beach,3W,2026-07-31,193
1,Marie Curtis Park East Beach,2W,2026-07-15,143
1,Woodbine Beach,2W,2026-06-11,48
4,Sunnyside Beach,3W,2026-06-15,64
4,Woodbine Beach,1W,2026-07-27,125
3,Woodbine Beach,2W,2026-08-15,87
3,Woodbine Beach,1W,2026-07-07,139
3,Sunnyside Beach,2W,2026-08-24,30
1,Woodbine Beach,2W,2026-09-01,5
3,Cherry Beach,2W,2026-09-06,27
4,Cherry Beach,3W,2026-08-02,30
4,Marie Curtis Park East Beach,1W,2026-08-18,86
2,Sunnyside Beach,2W,2026-09-02,187
3,Woodbine Beach,1W,2026-08-24,142
1,Sunnyside Beach,2W,2026-08-16,94
2,Marie Curtis Park East Beach,1W,2026-06-04,43
3,Sunnyside Beach,1W,2026-09-01,128
3,Sunnyside Beach,2W,2026-07-30,58
2,Cherry Beach,3W,2026-06-24,141
1,Marie Curtis Park East Beach,1W,2026-06-10,162
1,Cherry Beach,3W,2026-08-26,113
3,Marie Curtis Park East Beach,3W,2026-06-23,50
1,Woodbine Beach,1W,2026-09-06,156
1,Cherry Beach,1W,2026-06-12,61
3,Cherry Beach,1W,2026-06-18,6
4,Woodbine Beach,3W,2026-08-24,21
